Id,class_0,class_1
00eed32682bb,0.35010489958501284,0.6498951004149871
010ebe33f668,0.35010489958501284,0.6498951004149871
02fa521e1838,0.35010489958501284,0.6498951004149871
040e15f562a2,0.35010489958501284,0.6498951004149871
046e85c7cc7f,0.35010489958501284,0.6498951004149871
