Id,class_0,class_1
00eed32682bb,0.6009152387376863,0.39908476126231374
010ebe33f668,0.6009152387376863,0.39908476126231374
02fa521e1838,0.6009152387376863,0.39908476126231374
040e15f562a2,0.6009152387376863,0.39908476126231374
046e85c7cc7f,0.6009152387376863,0.39908476126231374
